Institution_Name,Main_Office,Branch_Name,Branch_Number,Established_Date,Day_of_Year,Street_Address,City,County,State,Zipcode,Latitude,Longitude,2010_Deposits,2011_Deposits,2012_Deposits,2013_Deposits,2014_Deposits,2015_Deposits,2016_Deposits,Acquired_Date
Bitcoin Bank,1,Bitcoin Bank Main Office,0,01/01/2009,01/01,1111 Polaris Parkway,Columbus,Delaware,OH, 43240,40.14453,-82.99115,633131000,743268000,832455000,916543000,1032549000,1069425000,1155185000,
Bitcoin Bank,1,Bitcoin Bank Main Office,0,01/01/2009,01/02,1111 Polaris Parkway,Columbus,Delaware,OH, 43240,40.14453,-82.99115,293229,310791,325742,327930,327792,341475,381558,
Bitcoin Bank,1,Bitcoin Bank Main Office,0,01/01/2009,01/03,1111 Polaris Parkway,Columbus,Delaware,OH, 43240,40.14453,-82.99115,191011,206933,216439,237983,234183,262455,278940,
Bitcoin Bank,1,Bitcoin Bank Main Office,0,01/01/2009,01/04,1111 Polaris Parkway,Columbus,Delaware,OH, 43240,40.14453,-82.99115,87110,88367,93163,109659,111985,116772,140233,
Bitcoin Bank,1,Bitcoin Bank Main Office,0,01/01/2009,01/05,1111 Polaris Parkway,Columbus,Delaware,OH, 43240,40.14453,-82.99115,172608,172749,189413,198445,205198,223200,235594,
Bitcoin Bank,1,Bitcoin Bank Main Office,0,01/01/2009,01/06,1111 Polaris Parkway,Columbus,Delaware,OH, 43240,40.14453,-82.99115,146820,136672,140678,154313,148707,145499,151949,
Bitcoin Bank,1,Bitcoin Bank Main Office,0,01/01/2009,01/07,1111 Polaris Parkway,Columbus,Delaware,OH, 43240,40.14453,-82.99115,75131,80172,82333,94538,97046,107166,110592,
Bitcoin Bank,1,Bitcoin Bank Main Office,0,01/01/2009,01/08,1111 Polaris Parkway,Columbus,Delaware,OH, 43240,40.14453,-82.99115,39888,42546,43800,45867,51363,56693,62993,
Bitcoin Bank,1,Bitcoin Bank Main Office,0,01/01/2009,01/09,1111 Polaris Parkway,Columbus,Delaware,OH, 43240,40.14453,-82.99115,73702,70049,70447,78946,80677,82756,88954,
Bitcoin Bank,1,Bitcoin Bank Main Office,0,01/01/2009,01/10,1111 Polaris Parkway,Columbus,Delaware,OH, 43240,40.14453,-82.99115,69778,72816,74729,75470,78759,83978,88674,
Bitcoin Bank,1,Bitcoin Bank Main Office,0,01/01/2009,01/11,1111 Polaris Parkway,Columbus,Delaware,OH, 43240,40.14453,-82.99115,304300,311508,330224,360791,367202,364435,387333,
Bitcoin Bank,1,Bitcoin Bank Main Office,0,01/01/2009,01/12,1111 Polaris Parkway,Columbus,Delaware,OH, 43240,40.14453,-82.99115,136997,142882,151420,158669,157862,163336,179566,
Bitcoin Bank,1,Bitcoin Bank Main Office,0,01/01/2009,01/13,1111 Polaris Parkway,Columbus,Delaware,OH, 43240,40.14453,-82.99115,113665,112165,122634,126619,124031,134475,131545,
Bitcoin Bank,1,Bitcoin Bank Main Office,0,01/01/2009,01/14,1111 Polaris Parkway,Columbus,Delaware,OH, 43240,40.14453,-82.99115,155289,157396,161177,169839,167495,183544,194609,
Bitcoin Bank,1,Bitcoin Bank Main Office,0,01/01/2009,01/15,1111 Polaris Parkway,Columbus,Delaware,OH, 43240,40.14453,-82.99115,187794,195965,214398,227519,252124,278547,297821,
Bitcoin Bank,1,Bitcoin Bank Main Office,0,01/01/2009,01/16,1111 Polaris Parkway,Columbus,Delaware,OH, 43240,40.14453,-82.99115,135506,136764,146051,163797,178001,227647,255084,
Bitcoin Bank,1,Bitcoin Bank Main Office,0,01/01/2009,01/17,1111 Polaris Parkway,Columbus,Delaware,OH, 43240,40.14453,-82.99115,46199,51254,54859,70898,69824,77536,79441,
Bitcoin Bank,1,Bitcoin Bank Main Office,0,01/01/2009,01/18,1111 Polaris Parkway,Columbus,Delaware,OH, 43240,40.14453,-82.99115,463550,456859,508804,540179,595786,581725,643283,
Bitcoin Bank,1,Bitcoin Bank Main Office,0,01/01/2009,01/19,1111 Polaris Parkway,Columbus,Delaware,OH, 43240,40.14453,-82.99115,299301,306225,317068,359173,410737,425169,447613,
Bitcoin Bank,1,Bitcoin Bank Main Office,0,01/01/2009,01/20,1111 Polaris Parkway,Columbus,Delaware,OH, 43240,40.14453,-82.99115,91380,97219,104093,106875,114292,122220,139830,
Bitcoin Bank,1,Bitcoin Bank Main Office,0,01/01/2009,01/21,1111 Polaris Parkway,Columbus,Delaware,OH, 43240,40.14453,-82.99115,384454,364852,387515,440753,500574,483835,536219,
Bitcoin Bank,1,Bitcoin Bank Main Office,0,01/01/2009,01/22,1111 Polaris Parkway,Columbus,Delaware,OH, 43240,40.14453,-82.99115,286082,320252,344141,385854,488886,508122,615029,
Bitcoin Bank,1,Bitcoin Bank Main Office,0,01/01/2009,01/23,1111 Polaris Parkway,Columbus,Delaware,OH, 43240,40.14453,-82.99115,313024,338725,432032,449569,474047,495929,532606,
Bitcoin Bank,1,Bitcoin Bank Main Office,0,01/01/2009,01/24,1111 Polaris Parkway,Columbus,Delaware,OH, 43240,40.14453,-82.99115,150592,160595,204645,244811,275726,306902,333954,
Bitcoin Bank,1,Bitcoin Bank Main Office,0,01/01/2009,01/25,1111 Polaris Parkway,Columbus,Delaware,OH, 43240,40.14453,-82.99115,480964,523824,589914,638030,715607,791413,892267,
Bitcoin Bank,1,Bitcoin Bank Main Office,0,01/01/2009,01/26,1111 Polaris Parkway,Columbus,Delaware,OH, 43240,40.14453,-82.99115,383871,410662,437302,490441,538860,526558,535283,
Bitcoin Bank,1,Bitcoin Bank Main Office,0,01/01/2009,01/27,1111 Polaris Parkway,Columbus,Delaware,OH, 43240,40.14453,-82.99115,311593,350759,338917,356374,384371,383014,429310,
Bitcoin Bank,1,Bitcoin Bank Main Office,0,01/01/2009,01/28,1111 Polaris Parkway,Columbus,Delaware,OH, 43240,40.14453,-82.99115,273852,284524,295659,301179,365023,356922,353925,
Bitcoin Bank,1,Bitcoin Bank Main Office,0,01/01/2009,01/29,1111 Polaris Parkway,Columbus,Delaware,OH, 43240,40.14453,-82.99115,143289,163960,168332,194739,224536,245573,249426,
Bitcoin Bank,1,Bitcoin Bank Main Office,0,01/01/2009,01/30,1111 Polaris Parkway,Columbus,Delaware,OH, 43240,40.14453,-82.99115,48180,43965,45267,48717,53949,56093,56539,
Bitcoin Bank,1,Bitcoin Bank Main Office,0,01/01/2009,01/31,1111 Polaris Parkway,Columbus,Delaware,OH, 43240,40.14453,-82.99115,201447,208175,207242,226551,236501,242861,260559,
Bitcoin Bank,1,Bitcoin Bank Main Office,0,01/01/2009,02/01,1111 Polaris Parkway,Columbus,Delaware,OH, 43240,40.14453,-82.99115,198144,187406,232051,238634,263619,293597,304304,
Bitcoin Bank,1,Bitcoin Bank Main Office,0,01/01/2009,02/02,1111 Polaris Parkway,Columbus,Delaware,OH, 43240,40.14453,-82.99115,307978,323295,339057,387560,398346,440728,454616,
Bitcoin Bank,1,Bitcoin Bank Main Office,0,01/01/2009,02/03,1111 Polaris Parkway,Columbus,Delaware,OH, 43240,40.14453,-82.99115,381890,416914,446512,469062,437428,474278,513961,
Bitcoin Bank,1,Bitcoin Bank Main Office,0,01/01/2009,02/04,1111 Polaris Parkway,Columbus,Delaware,OH, 43240,40.14453,-82.99115,666584,655384,733993,833534,890817,7099781,15580897,
Bitcoin Bank,1,Bitcoin Bank Main Office,0,01/01/2009,02/05,1111 Polaris Parkway,Columbus,Delaware,OH, 43240,40.14453,-82.99115,270220,289307,336648,359183,389188,400925,491408,
Bitcoin Bank,1,Bitcoin Bank Main Office,0,01/01/2009,02/06,1111 Polaris Parkway,Columbus,Delaware,OH, 43240,40.14453,-82.99115,297520,298637,307545,329475,358566,359705,374965,
Bitcoin Bank,1,Bitcoin Bank Main Office,0,01/01/2009,02/07,1111 Polaris Parkway,Columbus,Delaware,OH, 43240,40.14453,-82.99115,199955,201831,226978,249119,270207,276765,291172,
Bitcoin Bank,1,Bitcoin Bank Main Office,0,01/01/2009,02/08,1111 Polaris Parkway,Columbus,Delaware,OH, 43240,40.14453,-82.99115,536930,534039,584368,652110,674841,708847,741339,
Bitcoin Bank,1,Bitcoin Bank Main Office,0,01/01/2009,02/09,1111 Polaris Parkway,Columbus,Delaware,OH, 43240,40.14453,-82.99115,1633290,1755963,1915696,1999711,2004986,2008347,2072137,
Bitcoin Bank,1,Bitcoin Bank Main Office,0,01/01/2009,02/10,1111 Polaris Parkway,Columbus,Delaware,OH, 43240,40.14453,-82.99115,148276,155347,176789,206933,228963,250939,272444,
Bitcoin Bank,1,Bitcoin Bank Main Office,0,01/01/2009,02/11,1111 Polaris Parkway,Columbus,Delaware,OH, 43240,40.14453,-82.99115,169397,164359,184653,210463,239369,253658,279639,
Bitcoin Bank,1,Bitcoin Bank Main Office,0,01/01/2009,02/12,1111 Polaris Parkway,Columbus,Delaware,OH, 43240,40.14453,-82.99115,41599,41935,41661,46938,48890,51464,52268,
Bitcoin Bank,1,Bitcoin Bank Main Office,0,01/01/2009,02/13,1111 Polaris Parkway,Columbus,Delaware,OH, 43240,40.14453,-82.99115,488717,553758,665005,819541,984053,1101585,1246785,
Bitcoin Bank,1,Bitcoin Bank Main Office,0,01/01/2009,02/14,1111 Polaris Parkway,Columbus,Delaware,OH, 43240,40.14453,-82.99115,369462,377148,398091,436707,469300,502087,520197,
Bitcoin Bank,1,Bitcoin Bank Main Office,0,01/01/2009,02/15,1111 Polaris Parkway,Columbus,Delaware,OH, 43240,40.14453,-82.99115,476616,500560,509924,535937,552926,585744,645046,
Bitcoin Bank,1,Bitcoin Bank Main Office,0,01/01/2009,02/16,1111 Polaris Parkway,Columbus,Delaware,OH, 43240,40.14453,-82.99115,79155,79979,79218,86187,92112,103283,111129,
Bitcoin Bank,1,Bitcoin Bank Main Office,0,01/01/2009,02/17,1111 Polaris Parkway,Columbus,Delaware,OH, 43240,40.14453,-82.99115,130285,136220,146084,175561,188246,226631,248397,
Bitcoin Bank,1,Bitcoin Bank Main Office,0,01/01/2009,02/18,1111 Polaris Parkway,Columbus,Delaware,OH, 43240,40.14453,-82.99115,191624,190802,210850,237922,242952,253736,321267,
Bitcoin Bank,1,Bitcoin Bank Main Office,0,01/01/2009,02/19,1111 Polaris Parkway,Columbus,Delaware,OH, 43240,40.14453,-82.99115,188844,193020,202799,215948,225394,217878,224070,
Bitcoin Bank,1,Bitcoin Bank Main Office,0,01/01/2009,02/20,1111 Polaris Parkway,Columbus,Delaware,OH, 43240,40.14453,-82.99115,50571,49589,47365,53341,52521,54804,56262,
Bitcoin Bank,1,Bitcoin Bank Main Office,0,01/01/2009,02/21,1111 Polaris Parkway,Columbus,Delaware,OH, 43240,40.14453,-82.99115,186475,192357,211930,225057,220445,223883,292667,
Bitcoin Bank,1,Bitcoin Bank Main Office,0,01/01/2009,02/22,1111 Polaris Parkway,Columbus,Delaware,OH, 43240,40.14453,-82.99115,195892,194287,202564,205522,229560,225678,246944,
Bitcoin Bank,1,Bitcoin Bank Main Office,0,01/01/2009,02/23,1111 Polaris Parkway,Columbus,Delaware,OH, 43240,40.14453,-82.99115,356382,372278,416956,446580,446229,471622,513718,
Bitcoin Bank,1,Bitcoin Bank Main Office,0,01/01/2009,02/24,1111 Polaris Parkway,Columbus,Delaware,OH, 43240,40.14453,-82.99115,83334,80416,82907,91316,91996,92963,99338,
Bitcoin Bank,1,Bitcoin Bank Main Office,0,01/01/2009,02/25,1111 Polaris Parkway,Columbus,Delaware,OH, 43240,40.14453,-82.99115,102440,103511,108168,167418,174257,195843,217998,
Bitcoin Bank,1,Bitcoin Bank Main Office,0,01/01/2009,02/26,1111 Polaris Parkway,Columbus,Delaware,OH, 43240,40.14453,-82.99115,336232,364094,407292,434065,473883,443733,509827,
Bitcoin Bank,1,Bitcoin Bank Main Office,0,01/01/2009,02/27,1111 Polaris Parkway,Columbus,Delaware,OH, 43240,40.14453,-82.99115,69960,82378,75417,100752,117726,174351,115819,
Bitcoin Bank,1,Bitcoin Bank Main Office,0,01/01/2009,02/28,1111 Polaris Parkway,Columbus,Delaware,OH, 43240,40.14453,-82.99115,227651,245466,247680,261922,289271,285591,292952,
Bitcoin Bank,1,Bitcoin Bank Main Office,0,01/01/2009,03/01,1111 Polaris Parkway,Columbus,Delaware,OH, 43240,40.14453,-82.99115,151017,153682,156303,183572,199027,199141,223629,
Bitcoin Bank,1,Bitcoin Bank Main Office,0,01/01/2009,03/02,1111 Polaris Parkway,Columbus,Delaware,OH, 43240,40.14453,-82.99115,140401,145620,151223,162526,167717,166077,184267,
Bitcoin Bank,1,Bitcoin Bank Main Office,0,01/01/2009,03/03,1111 Polaris Parkway,Columbus,Delaware,OH, 43240,40.14453,-82.99115,722415,756573,825562,921794,1028179,1088274,1107800,
Bitcoin Bank,1,Bitcoin Bank Main Office,0,01/01/2009,03/04,1111 Polaris Parkway,Columbus,Delaware,OH, 43240,40.14453,-82.99115,95881,97372,101001,106185,112012,108989,113878,
Bitcoin Bank,1,Bitcoin Bank Main Office,0,01/01/2009,03/05,1111 Polaris Parkway,Columbus,Delaware,OH, 43240,40.14453,-82.99115,154441,155722,166811,178915,187522,185374,197150,
Bitcoin Bank,1,Bitcoin Bank Main Office,0,01/01/2009,03/06,1111 Polaris Parkway,Columbus,Delaware,OH, 43240,40.14453,-82.99115,435292,415391,428516,456042,436171,452475,452700,
Bitcoin Bank,1,Bitcoin Bank Main Office,0,01/01/2009,03/07,1111 Polaris Parkway,Columbus,Delaware,OH, 43240,40.14453,-82.99115,253851,277587,298261,323460,338008,358750,373343,
Bitcoin Bank,1,Bitcoin Bank Main Office,0,01/01/2009,03/08,1111 Polaris Parkway,Columbus,Delaware,OH, 43240,40.14453,-82.99115,103719,108159,114156,121110,131026,147089,168128,
Bitcoin Bank,1,Bitcoin Bank Main Office,0,01/01/2009,03/09,1111 Polaris Parkway,Columbus,Delaware,OH, 43240,40.14453,-82.99115,1002240,965981,959075,976472,996233,992896,1069059,
Bitcoin Bank,1,Bitcoin Bank Main Office,0,01/01/2009,03/10,1111 Polaris Parkway,Columbus,Delaware,OH, 43240,40.14453,-82.99115,88738,93165,100406,115772,128278,135141,176190,
Bitcoin Bank,1,Bitcoin Bank Main Office,0,01/01/2009,03/11,1111 Polaris Parkway,Columbus,Delaware,OH, 43240,40.14453,-82.99115,82032,90628,96660,106917,115674,121256,130731,
Bitcoin Bank,1,Bitcoin Bank Main Office,0,01/01/2009,03/12,1111 Polaris Parkway,Columbus,Delaware,OH, 43240,40.14453,-82.99115,102620,104179,111486,116699,119020,120116,122159,
Bitcoin Bank,1,Bitcoin Bank Main Office,0,01/01/2009,03/13,1111 Polaris Parkway,Columbus,Delaware,OH, 43240,40.14453,-82.99115,198983,217332,256321,283391,300821,326825,400764,
Bitcoin Bank,1,Bitcoin Bank Main Office,0,01/01/2009,03/14,1111 Polaris Parkway,Columbus,Delaware,OH, 43240,40.14453,-82.99115,93106,92272,96994,118907,115708,120730,125922,
Bitcoin Bank,1,Bitcoin Bank Main Office,0,01/01/2009,03/15,1111 Polaris Parkway,Columbus,Delaware,OH, 43240,40.14453,-82.99115,261976,262704,261589,289395,281756,292377,314562,
Bitcoin Bank,1,Bitcoin Bank Main Office,0,01/01/2009,03/16,1111 Polaris Parkway,Columbus,Delaware,OH, 43240,40.14453,-82.99115,109615,108206,115658,116485,119196,124078,125948,
Bitcoin Bank,1,Bitcoin Bank Main Office,0,01/01/2009,03/17,1111 Polaris Parkway,Columbus,Delaware,OH, 43240,40.14453,-82.99115,161904,163054,172441,186840,194550,211782,245797,
Bitcoin Bank,1,Bitcoin Bank Main Office,0,01/01/2009,03/18,1111 Polaris Parkway,Columbus,Delaware,OH, 43240,40.14453,-82.99115,112628,113621,113899,121359,128286,129058,135773,
Bitcoin Bank,1,Bitcoin Bank Main Office,0,01/01/2009,03/19,1111 Polaris Parkway,Columbus,Delaware,OH, 43240,40.14453,-82.99115,144089,140839,154233,182186,183189,191372,225002,
Bitcoin Bank,1,Bitcoin Bank Main Office,0,01/01/2009,03/20,1111 Polaris Parkway,Columbus,Delaware,OH, 43240,40.14453,-82.99115,150161,175267,196333,211336,228141,238768,257023,
Bitcoin Bank,1,Bitcoin Bank Main Office,0,01/01/2009,03/21,1111 Polaris Parkway,Columbus,Delaware,OH, 43240,40.14453,-82.99115,118453,120413,120700,129811,140842,145634,160506,
Bitcoin Bank,1,Bitcoin Bank Main Office,0,01/01/2009,03/22,1111 Polaris Parkway,Columbus,Delaware,OH, 43240,40.14453,-82.99115,114464,124469,123740,130417,146551,148851,161857,
Bitcoin Bank,1,Bitcoin Bank Main Office,0,01/01/2009,03/23,1111 Polaris Parkway,Columbus,Delaware,OH, 43240,40.14453,-82.99115,18110,22493,30425,34501,37364,42626,51220,
Bitcoin Bank,1,Bitcoin Bank Main Office,0,01/01/2009,03/24,1111 Polaris Parkway,Columbus,Delaware,OH, 43240,40.14453,-82.99115,166917,161700,165219,178338,177770,176259,196502,
Bitcoin Bank,1,Bitcoin Bank Main Office,0,01/01/2009,03/25,1111 Polaris Parkway,Columbus,Delaware,OH, 43240,40.14453,-82.99115,181336,185736,205727,244476,286428,354528,377210,
Bitcoin Bank,1,Bitcoin Bank Main Office,0,01/01/2009,03/26,1111 Polaris Parkway,Columbus,Delaware,OH, 43240,40.14453,-82.99115,170273,166491,188734,194858,203226,212423,221615,
Bitcoin Bank,1,Bitcoin Bank Main Office,0,01/01/2009,03/27,1111 Polaris Parkway,Columbus,Delaware,OH, 43240,40.14453,-82.99115,231524,241475,258925,266756,260254,277246,295880,
Bitcoin Bank,1,Bitcoin Bank Main Office,0,01/01/2009,03/28,1111 Polaris Parkway,Columbus,Delaware,OH, 43240,40.14453,-82.99115,231604,229646,234722,248764,249229,261668,290658,
Bitcoin Bank,1,Bitcoin Bank Main Office,0,01/01/2009,03/29,1111 Polaris Parkway,Columbus,Delaware,OH, 43240,40.14453,-82.99115,129530,133026,139176,145220,145100,148631,218498,
Bitcoin Bank,1,Bitcoin Bank Main Office,0,01/01/2009,03/30,1111 Polaris Parkway,Columbus,Delaware,OH, 43240,40.14453,-82.99115,19727,19658,20534,21076,20549,22264,23416,
Bitcoin Bank,1,Bitcoin Bank Main Office,0,01/01/2009,03/31,1111 Polaris Parkway,Columbus,Delaware,OH, 43240,40.14453,-82.99115,84085,84929,87575,90701,93801,93201,105594,
Bitcoin Bank,1,Bitcoin Bank Main Office,0,01/01/2009,04/01,1111 Polaris Parkway,Columbus,Delaware,OH, 43240,40.14453,-82.99115,138095,137232,144709,158294,153951,160476,172331,
Bitcoin Bank,1,Bitcoin Bank Main Office,0,01/01/2009,04/02,1111 Polaris Parkway,Columbus,Delaware,OH, 43240,40.14453,-82.99115,468473,521308,555338,610032,606844,679446,714983,
Bitcoin Bank,1,Bitcoin Bank Main Office,0,01/01/2009,04/03,1111 Polaris Parkway,Columbus,Delaware,OH, 43240,40.14453,-82.99115,274996,276252,290593,291617,287279,307242,307257,
Bitcoin Bank,1,Bitcoin Bank Main Office,0,01/01/2009,04/04,1111 Polaris Parkway,Columbus,Delaware,OH, 43240,40.14453,-82.99115,62842,95038,89987,122210,151270,132133,186493,
Bitcoin Bank,1,Bitcoin Bank Main Office,0,01/01/2009,04/05,1111 Polaris Parkway,Columbus,Delaware,OH, 43240,40.14453,-82.99115,91268,89264,91370,98079,100594,104040,115766,
Bitcoin Bank,1,Bitcoin Bank Main Office,0,01/01/2009,04/06,1111 Polaris Parkway,Columbus,Delaware,OH, 43240,40.14453,-82.99115,409788,464061,482450,467755,463682,461811,482959,
Bitcoin Bank,1,Bitcoin Bank Main Office,0,01/01/2009,04/07,1111 Polaris Parkway,Columbus,Delaware,OH, 43240,40.14453,-82.99115,169328,177093,197653,208731,220078,250431,280743,
Bitcoin Bank,1,Bitcoin Bank Main Office,0,01/01/2009,04/08,1111 Polaris Parkway,Columbus,Delaware,OH, 43240,40.14453,-82.99115,122497,116919,129243,132146,144141,152568,167321,
Bitcoin Bank,1,Bitcoin Bank Main Office,0,01/01/2009,04/09,1111 Polaris Parkway,Columbus,Delaware,OH, 43240,40.14453,-82.99115,185851,190827,197592,220513,223066,242579,279616,
Bitcoin Bank,1,Bitcoin Bank Main Office,0,01/01/2009,04/10,1111 Polaris Parkway,Columbus,Delaware,OH, 43240,40.14453,-82.99115,186061,207307,186930,193516,213523,216289,229279,
Bitcoin Bank,1,Bitcoin Bank Main Office,0,01/01/2009,04/11,1111 Polaris Parkway,Columbus,Delaware,OH, 43240,40.14453,-82.99115,87282,72358,88157,101644,102771,104226,132302,
Bitcoin Bank,1,Bitcoin Bank Main Office,0,01/01/2009,04/12,1111 Polaris Parkway,Columbus,Delaware,OH, 43240,40.14453,-82.99115,190614,202278,214019,225500,232985,231234,237031,
Bitcoin Bank,1,Bitcoin Bank Main Office,0,01/01/2009,04/13,1111 Polaris Parkway,Columbus,Delaware,OH, 43240,40.14453,-82.99115,121750,131683,178281,165874,169818,167399,184491,
Bitcoin Bank,1,Bitcoin Bank Main Office,0,01/01/2009,04/14,1111 Polaris Parkway,Columbus,Delaware,OH, 43240,40.14453,-82.99115,107207,111976,126575,129650,145166,152451,153305,
Bitcoin Bank,1,Bitcoin Bank Main Office,0,01/01/2009,04/15,1111 Polaris Parkway,Columbus,Delaware,OH, 43240,40.14453,-82.99115,99634,108556,104552,112101,116762,121525,3480,
Bitcoin Bank,1,Bitcoin Bank Main Office,0,01/01/2009,04/16,1111 Polaris Parkway,Columbus,Delaware,OH, 43240,40.14453,-82.99115,110305,108121,111895,113204,112600,115365,122485,
Bitcoin Bank,1,Bitcoin Bank Main Office,0,01/01/2009,04/17,1111 Polaris Parkway,Columbus,Delaware,OH, 43240,40.14453,-82.99115,214831,216733,236906,273396,276412,271147,282530,
Bitcoin Bank,1,Bitcoin Bank Main Office,0,01/01/2009,04/18,1111 Polaris Parkway,Columbus,Delaware,OH, 43240,40.14453,-82.99115,260113,285836,287915,340904,345228,377184,364125,
Bitcoin Bank,1,Bitcoin Bank Main Office,0,01/01/2009,04/19,1111 Polaris Parkway,Columbus,Delaware,OH, 43240,40.14453,-82.99115,395943,412710,489051,516803,584403,555985,584026,
Bitcoin Bank,1,Bitcoin Bank Main Office,0,01/01/2009,04/20,1111 Polaris Parkway,Columbus,Delaware,OH, 43240,40.14453,-82.99115,126512,129094,136031,145582,151088,164809,223222,
Bitcoin Bank,1,Bitcoin Bank Main Office,0,01/01/2009,04/21,1111 Polaris Parkway,Columbus,Delaware,OH, 43240,40.14453,-82.99115,100874,106069,105249,124999,136014,152985,163243,
Bitcoin Bank,1,Bitcoin Bank Main Office,0,01/01/2009,04/22,1111 Polaris Parkway,Columbus,Delaware,OH, 43240,40.14453,-82.99115,67617,71120,70120,77884,78620,81544,88342,
Bitcoin Bank,1,Bitcoin Bank Main Office,0,01/01/2009,04/23,1111 Polaris Parkway,Columbus,Delaware,OH, 43240,40.14453,-82.99115,136362,142057,164646,161146,162623,161719,172494,
Bitcoin Bank,1,Bitcoin Bank Main Office,0,01/01/2009,04/24,1111 Polaris Parkway,Columbus,Delaware,OH, 43240,40.14453,-82.99115,157461,171357,180755,179743,193951,205398,218548,
Bitcoin Bank,1,Bitcoin Bank Main Office,0,01/01/2009,04/25,1111 Polaris Parkway,Columbus,Delaware,OH, 43240,40.14453,-82.99115,66486,67543,63695,66252,70273,76970,82549,
Bitcoin Bank,1,Bitcoin Bank Main Office,0,01/01/2009,04/26,1111 Polaris Parkway,Columbus,Delaware,OH, 43240,40.14453,-82.99115,96722,102128,107326,118795,130364,127864,139053,
Bitcoin Bank,1,Bitcoin Bank Main Office,0,01/01/2009,04/27,1111 Polaris Parkway,Columbus,Delaware,OH, 43240,40.14453,-82.99115,38890,39441,45274,50041,56442,60162,61872,
Bitcoin Bank,1,Bitcoin Bank Main Office,0,01/01/2009,04/28,1111 Polaris Parkway,Columbus,Delaware,OH, 43240,40.14453,-82.99115,74028,71203,74897,83269,84015,81752,87474,
Bitcoin Bank,1,Bitcoin Bank Main Office,0,01/01/2009,04/29,1111 Polaris Parkway,Columbus,Delaware,OH, 43240,40.14453,-82.99115,92532,96626,103650,110381,115712,123640,129136,
Bitcoin Bank,1,Bitcoin Bank Main Office,0,01/01/2009,04/30,1111 Polaris Parkway,Columbus,Delaware,OH, 43240,40.14453,-82.99115,143362,139353,138835,142950,142865,148608,153533,
Bitcoin Bank,1,Bitcoin Bank Main Office,0,01/01/2009,05/01,1111 Polaris Parkway,Columbus,Delaware,OH, 43240,40.14453,-82.99115,85813,95107,98688,220304,118507,118387,131595,
Bitcoin Bank,1,Bitcoin Bank Main Office,0,01/01/2009,05/02,1111 Polaris Parkway,Columbus,Delaware,OH, 43240,40.14453,-82.99115,166924,168331,172688,183194,186641,206817,214699,
Bitcoin Bank,1,Bitcoin Bank Main Office,0,01/01/2009,05/03,1111 Polaris Parkway,Columbus,Delaware,OH, 43240,40.14453,-82.99115,40157,42180,42957,47242,53978,56586,60407,
Bitcoin Bank,1,Bitcoin Bank Main Office,0,01/01/2009,05/04,1111 Polaris Parkway,Columbus,Delaware,OH, 43240,40.14453,-82.99115,372403,377184,382038,499734,577501,666093,850875,
Bitcoin Bank,1,Bitcoin Bank Main Office,0,01/01/2009,05/05,1111 Polaris Parkway,Columbus,Delaware,OH, 43240,40.14453,-82.99115,463182,448075,480266,543999,594112,611802,656295,
Bitcoin Bank,1,Bitcoin Bank Main Office,0,01/01/2009,05/06,1111 Polaris Parkway,Columbus,Delaware,OH, 43240,40.14453,-82.99115,26608,30392,31188,33872,34058,35972,40730,
Bitcoin Bank,1,Bitcoin Bank Main Office,0,01/01/2009,05/07,1111 Polaris Parkway,Columbus,Delaware,OH, 43240,40.14453,-82.99115,80934,93327,101083,106129,109817,126775,139762,
Bitcoin Bank,1,Bitcoin Bank Main Office,0,01/01/2009,05/08,1111 Polaris Parkway,Columbus,Delaware,OH, 43240,40.14453,-82.99115,76595,77506,81188,85793,96325,102320,110297,
Bitcoin Bank,1,Bitcoin Bank Main Office,0,01/01/2009,05/09,1111 Polaris Parkway,Columbus,Delaware,OH, 43240,40.14453,-82.99115,41628,42412,53210,66539,78930,89326,100545,
Bitcoin Bank,1,Bitcoin Bank Main Office,0,01/01/2009,05/10,1111 Polaris Parkway,Columbus,Delaware,OH, 43240,40.14453,-82.99115,117655,127056,133409,153540,159055,171222,194198,
Bitcoin Bank,1,Bitcoin Bank Main Office,0,01/01/2009,05/11,1111 Polaris Parkway,Columbus,Delaware,OH, 43240,40.14453,-82.99115,77872,79086,72429,81459,99274,103731,101875,
Bitcoin Bank,1,Bitcoin Bank Main Office,0,01/01/2009,05/12,1111 Polaris Parkway,Columbus,Delaware,OH, 43240,40.14453,-82.99115,126379,114066,108546,108997,109926,123330,142094,
Bitcoin Bank,1,Bitcoin Bank Main Office,0,01/01/2009,05/13,1111 Polaris Parkway,Columbus,Delaware,OH, 43240,40.14453,-82.99115,118751,123258,115551,148252,153831,164917,167768,
Bitcoin Bank,1,Bitcoin Bank Main Office,0,01/01/2009,05/14,1111 Polaris Parkway,Columbus,Delaware,OH, 43240,40.14453,-82.99115,148665,149714,152949,176143,186245,202885,207354,
Bitcoin Bank,1,Bitcoin Bank Main Office,0,01/01/2009,05/15,1111 Polaris Parkway,Columbus,Delaware,OH, 43240,40.14453,-82.99115,152468,151279,177265,196219,199708,215111,241783,
Bitcoin Bank,1,Bitcoin Bank Main Office,0,01/01/2009,05/16,1111 Polaris Parkway,Columbus,Delaware,OH, 43240,40.14453,-82.99115,143163,161085,189245,205912,235212,248736,281082,
Bitcoin Bank,1,Bitcoin Bank Main Office,0,01/01/2009,05/17,1111 Polaris Parkway,Columbus,Delaware,OH, 43240,40.14453,-82.99115,182139,212658,247696,282110,323918,361398,396328,
Bitcoin Bank,1,Bitcoin Bank Main Office,0,01/01/2009,05/18,1111 Polaris Parkway,Columbus,Delaware,OH, 43240,40.14453,-82.99115,100075,103583,109410,120122,118755,127984,174764,
Bitcoin Bank,1,Bitcoin Bank Main Office,0,01/01/2009,05/19,1111 Polaris Parkway,Columbus,Delaware,OH, 43240,40.14453,-82.99115,257757,256109,269664,393884,410870,432799,480204,
Bitcoin Bank,1,Bitcoin Bank Main Office,0,01/01/2009,05/20,1111 Polaris Parkway,Columbus,Delaware,OH, 43240,40.14453,-82.99115,237639,247785,278493,318071,336599,360810,426675,
Bitcoin Bank,1,Bitcoin Bank Main Office,0,01/01/2009,05/21,1111 Polaris Parkway,Columbus,Delaware,OH, 43240,40.14453,-82.99115,76183,80761,109879,114184,125820,136994,143496,
Bitcoin Bank,1,Bitcoin Bank Main Office,0,01/01/2009,05/22,1111 Polaris Parkway,Columbus,Delaware,OH, 43240,40.14453,-82.99115,169563,189151,207809,225472,253619,260294,319154,
Bitcoin Bank,1,Bitcoin Bank Main Office,0,01/01/2009,05/23,1111 Polaris Parkway,Columbus,Delaware,OH, 43240,40.14453,-82.99115,42737,43627,46388,45421,47631,49028,77637,
Bitcoin Bank,1,Bitcoin Bank Main Office,0,01/01/2009,05/24,1111 Polaris Parkway,Columbus,Delaware,OH, 43240,40.14453,-82.99115,42574,47263,47002,55036,71490,71364,77548,
Bitcoin Bank,1,Bitcoin Bank Main Office,0,01/01/2009,05/25,1111 Polaris Parkway,Columbus,Delaware,OH, 43240,40.14453,-82.99115,110712,127369,161513,197445,219289,245988,281266,
Bitcoin Bank,1,Bitcoin Bank Main Office,0,01/01/2009,05/26,1111 Polaris Parkway,Columbus,Delaware,OH, 43240,40.14453,-82.99115,327054,336573,354604,385553,422699,441168,474228,
Bitcoin Bank,1,Bitcoin Bank Main Office,0,01/01/2009,05/27,1111 Polaris Parkway,Columbus,Delaware,OH, 43240,40.14453,-82.99115,85326,98701,110630,143089,156827,165411,241126,
Bitcoin Bank,1,Bitcoin Bank Main Office,0,01/01/2009,05/28,1111 Polaris Parkway,Columbus,Delaware,OH, 43240,40.14453,-82.99115,656985,634703,719617,810799,828921,904748,1015342,
Bitcoin Bank,1,Bitcoin Bank Main Office,0,01/01/2009,05/29,1111 Polaris Parkway,Columbus,Delaware,OH, 43240,40.14453,-82.99115,309704,319792,319671,389547,380990,425712,505325,
Bitcoin Bank,1,Bitcoin Bank Main Office,0,01/01/2009,05/30,1111 Polaris Parkway,Columbus,Delaware,OH, 43240,40.14453,-82.99115,100240,94289,100148,116099,110693,112429,108995,
Bitcoin Bank,1,Bitcoin Bank Main Office,0,01/01/2009,05/31,1111 Polaris Parkway,Columbus,Delaware,OH, 43240,40.14453,-82.99115,52810,54194,62007,62872,73002,77545,80515,
Bitcoin Bank,1,Bitcoin Bank Main Office,0,01/01/2009,06/01,1111 Polaris Parkway,Columbus,Delaware,OH, 43240,40.14453,-82.99115,49683,52944,76041,62727,62265,59547,62652,
Bitcoin Bank,1,Bitcoin Bank Main Office,0,01/01/2009,06/02,1111 Polaris Parkway,Columbus,Delaware,OH, 43240,40.14453,-82.99115,174708,190866,206476,229780,256334,264379,294083,
Bitcoin Bank,1,Bitcoin Bank Main Office,0,01/01/2009,06/03,1111 Polaris Parkway,Columbus,Delaware,OH, 43240,40.14453,-82.99115,526273,708192,723552,737114,746575,763661,815233,
Bitcoin Bank,1,Bitcoin Bank Main Office,0,01/01/2009,06/04,1111 Polaris Parkway,Columbus,Delaware,OH, 43240,40.14453,-82.99115,45099076,62630984,81960379,85177807,98322162,84569038,69044786,
Bitcoin Bank,1,Bitcoin Bank Main Office,0,01/01/2009,06/05,1111 Polaris Parkway,Columbus,Delaware,OH, 43240,40.14453,-82.99115,221419,313100,340458,336345,319832,349772,344585,
Bitcoin Bank,1,Bitcoin Bank Main Office,0,01/01/2009,06/06,1111 Polaris Parkway,Columbus,Delaware,OH, 43240,40.14453,-82.99115,134200,140345,147350,173815,195214,206064,225574,
Bitcoin Bank,1,Bitcoin Bank Main Office,0,01/01/2009,06/07,1111 Polaris Parkway,Columbus,Delaware,OH, 43240,40.14453,-82.99115,108729,108157,112103,126361,126652,139557,194880,
Bitcoin Bank,1,Bitcoin Bank Main Office,0,01/01/2009,06/08,1111 Polaris Parkway,Columbus,Delaware,OH, 43240,40.14453,-82.99115,102893,110466,115407,128875,143291,161679,177306,
Bitcoin Bank,1,Bitcoin Bank Main Office,0,01/01/2009,06/09,1111 Polaris Parkway,Columbus,Delaware,OH, 43240,40.14453,-82.99115,135263,135889,135370,143989,149796,167186,181550,
Bitcoin Bank,1,Bitcoin Bank Main Office,0,01/01/2009,06/10,1111 Polaris Parkway,Columbus,Delaware,OH, 43240,40.14453,-82.99115,178380,184497,192871,204153,207949,234181,233985,
Bitcoin Bank,1,Bitcoin Bank Main Office,0,01/01/2009,06/11,1111 Polaris Parkway,Columbus,Delaware,OH, 43240,40.14453,-82.99115,116562,100347,108380,130912,140822,159394,170186,
Bitcoin Bank,1,Bitcoin Bank Main Office,0,01/01/2009,06/12,1111 Polaris Parkway,Columbus,Delaware,OH, 43240,40.14453,-82.99115,172783,168368,176517,189087,200097,208223,218572,
Bitcoin Bank,1,Bitcoin Bank Main Office,0,01/01/2009,06/13,1111 Polaris Parkway,Columbus,Delaware,OH, 43240,40.14453,-82.99115,159586,161695,168912,193408,194767,210515,239461,
Bitcoin Bank,1,Bitcoin Bank Main Office,0,01/01/2009,06/14,1111 Polaris Parkway,Columbus,Delaware,OH, 43240,40.14453,-82.99115,193998,196396,209352,236062,254944,275288,298628,
Bitcoin Bank,1,Bitcoin Bank Main Office,0,01/01/2009,06/15,1111 Polaris Parkway,Columbus,Delaware,OH, 43240,40.14453,-82.99115,124751,113163,125218,134956,136289,137138,203636,
Bitcoin Bank,1,Bitcoin Bank Main Office,0,01/01/2009,06/16,1111 Polaris Parkway,Columbus,Delaware,OH, 43240,40.14453,-82.99115,427106,452762,471520,517352,602574,641415,649655,
Bitcoin Bank,1,Bitcoin Bank Main Office,0,01/01/2009,06/17,1111 Polaris Parkway,Columbus,Delaware,OH, 43240,40.14453,-82.99115,183755,181199,185636,204447,207016,216286,221378,
Bitcoin Bank,1,Bitcoin Bank Main Office,0,01/01/2009,06/18,1111 Polaris Parkway,Columbus,Delaware,OH, 43240,40.14453,-82.99115,500040,486629,509760,558310,526763,574068,593566,
Bitcoin Bank,1,Bitcoin Bank Main Office,0,01/01/2009,06/19,1111 Polaris Parkway,Columbus,Delaware,OH, 43240,40.14453,-82.99115,29761,35522,35239,42160,47444,51894,48252,
Bitcoin Bank,1,Bitcoin Bank Main Office,0,01/01/2009,06/20,1111 Polaris Parkway,Columbus,Delaware,OH, 43240,40.14453,-82.99115,118327,120537,124930,126630,137616,130932,240960,
Bitcoin Bank,1,Bitcoin Bank Main Office,0,01/01/2009,06/21,1111 Polaris Parkway,Columbus,Delaware,OH, 43240,40.14453,-82.99115,57326,59339,64696,70969,69778,72797,78674,
Bitcoin Bank,1,Bitcoin Bank Main Office,0,01/01/2009,06/22,1111 Polaris Parkway,Columbus,Delaware,OH, 43240,40.14453,-82.99115,173666,172788,173725,176409,185545,185222,199698,
Bitcoin Bank,1,Bitcoin Bank Main Office,0,01/01/2009,06/23,1111 Polaris Parkway,Columbus,Delaware,OH, 43240,40.14453,-82.99115,92127,95431,101910,109289,110926,119140,131127,
Bitcoin Bank,1,Bitcoin Bank Main Office,0,01/01/2009,06/24,1111 Polaris Parkway,Columbus,Delaware,OH, 43240,40.14453,-82.99115,50283,50349,52081,54496,58831,64096,69864,
Bitcoin Bank,1,Bitcoin Bank Main Office,0,01/01/2009,06/25,1111 Polaris Parkway,Columbus,Delaware,OH, 43240,40.14453,-82.99115,108303,102971,110238,109174,117484,122619,137699,
Bitcoin Bank,1,Bitcoin Bank Main Office,0,01/01/2009,06/26,1111 Polaris Parkway,Columbus,Delaware,OH, 43240,40.14453,-82.99115,202012,210655,231316,251185,288298,321036,365409,
Bitcoin Bank,1,Bitcoin Bank Main Office,0,01/01/2009,06/27,1111 Polaris Parkway,Columbus,Delaware,OH, 43240,40.14453,-82.99115,98430,101797,101964,111534,129334,130971,143488,
Bitcoin Bank,1,Bitcoin Bank Main Office,0,01/01/2009,06/28,1111 Polaris Parkway,Columbus,Delaware,OH, 43240,40.14453,-82.99115,182016,197038,198995,217827,212899,225913,230524,
Bitcoin Bank,1,Bitcoin Bank Main Office,0,01/01/2009,06/29,1111 Polaris Parkway,Columbus,Delaware,OH, 43240,40.14453,-82.99115,184207,181817,191224,193681,204713,220590,236461,
Bitcoin Bank,1,Bitcoin Bank Main Office,0,01/01/2009,06/30,1111 Polaris Parkway,Columbus,Delaware,OH, 43240,40.14453,-82.99115,150146,156084,166876,188898,200432,213996,238752,
Bitcoin Bank,1,Bitcoin Bank Main Office,0,01/01/2009,07/01,1111 Polaris Parkway,Columbus,Delaware,OH, 43240,40.14453,-82.99115,168099,176965,180208,203190,202476,204596,220089,
Bitcoin Bank,1,Bitcoin Bank Main Office,0,01/01/2009,07/02,1111 Polaris Parkway,Columbus,Delaware,OH, 43240,40.14453,-82.99115,464689,473811,510551,558288,613746,671467,687826,
Bitcoin Bank,1,Bitcoin Bank Main Office,0,01/01/2009,07/03,1111 Polaris Parkway,Columbus,Delaware,OH, 43240,40.14453,-82.99115,118868,118099,119111,129781,131114,130726,137065,
Bitcoin Bank,1,Bitcoin Bank Main Office,0,01/01/2009,07/04,1111 Polaris Parkway,Columbus,Delaware,OH, 43240,40.14453,-82.99115,161271,157404,169541,186230,193356,186928,197466,
Bitcoin Bank,1,Bitcoin Bank Main Office,0,01/01/2009,07/05,1111 Polaris Parkway,Columbus,Delaware,OH, 43240,40.14453,-82.99115,144995,157945,174284,195873,216943,238090,277089,
Bitcoin Bank,1,Bitcoin Bank Main Office,0,01/01/2009,07/06,1111 Polaris Parkway,Columbus,Delaware,OH, 43240,40.14453,-82.99115,113371,109749,113106,133897,138386,156688,169941,
Bitcoin Bank,1,Bitcoin Bank Main Office,0,01/01/2009,07/07,1111 Polaris Parkway,Columbus,Delaware,OH, 43240,40.14453,-82.99115,76758,76405,77605,83873,85878,97717,103621,
Bitcoin Bank,1,Bitcoin Bank Main Office,0,01/01/2009,07/08,1111 Polaris Parkway,Columbus,Delaware,OH, 43240,40.14453,-82.99115,174282,176014,198989,215450,223805,237124,268193,
Bitcoin Bank,1,Bitcoin Bank Main Office,0,01/01/2009,07/09,1111 Polaris Parkway,Columbus,Delaware,OH, 43240,40.14453,-82.99115,25330,32051,33451,33351,34427,35979,35921,
Bitcoin Bank,1,Bitcoin Bank Main Office,0,01/01/2009,07/10,1111 Polaris Parkway,Columbus,Delaware,OH, 43240,40.14453,-82.99115,133038,134340,137075,141976,145456,149789,176108,
Bitcoin Bank,1,Bitcoin Bank Main Office,0,01/01/2009,07/11,1111 Polaris Parkway,Columbus,Delaware,OH, 43240,40.14453,-82.99115,142557,144241,144094,162097,158559,175765,183608,
Bitcoin Bank,1,Bitcoin Bank Main Office,0,01/01/2009,07/12,1111 Polaris Parkway,Columbus,Delaware,OH, 43240,40.14453,-82.99115,70312,68610,81205,92524,104539,123165,136518,
Bitcoin Bank,1,Bitcoin Bank Main Office,0,01/01/2009,07/13,1111 Polaris Parkway,Columbus,Delaware,OH, 43240,40.14453,-82.99115,213138,222762,249831,263872,280792,298083,340618,
Bitcoin Bank,1,Bitcoin Bank Main Office,0,01/01/2009,07/14,1111 Polaris Parkway,Columbus,Delaware,OH, 43240,40.14453,-82.99115,165459,171074,172700,202903,230673,245086,278846,
Bitcoin Bank,1,Bitcoin Bank Main Office,0,01/01/2009,07/15,1111 Polaris Parkway,Columbus,Delaware,OH, 43240,40.14453,-82.99115,971550,1005780,1008528,1012473,1065766,1070136,1107854,
Bitcoin Bank,1,Bitcoin Bank Main Office,0,01/01/2009,07/16,1111 Polaris Parkway,Columbus,Delaware,OH, 43240,40.14453,-82.99115,68847,72589,73299,85176,91692,86872,89983,
Bitcoin Bank,1,Bitcoin Bank Main Office,0,01/01/2009,07/17,1111 Polaris Parkway,Columbus,Delaware,OH, 43240,40.14453,-82.99115,52478,54744,57225,59578,59351,63149,67947,
Bitcoin Bank,1,Bitcoin Bank Main Office,0,01/01/2009,07/18,1111 Polaris Parkway,Columbus,Delaware,OH, 43240,40.14453,-82.99115,506396,518298,600258,635785,628139,679508,698544,
Bitcoin Bank,1,Bitcoin Bank Main Office,0,01/01/2009,07/19,1111 Polaris Parkway,Columbus,Delaware,OH, 43240,40.14453,-82.99115,784595,912702,954878,1063416,1399938,1395495,1449603,
Bitcoin Bank,1,Bitcoin Bank Main Office,0,01/01/2009,07/20,1111 Polaris Parkway,Columbus,Delaware,OH, 43240,40.14453,-82.99115,127110,138189,158974,188448,201333,251023,277011,
Bitcoin Bank,1,Bitcoin Bank Main Office,0,01/01/2009,07/21,1111 Polaris Parkway,Columbus,Delaware,OH, 43240,40.14453,-82.99115,194760,214049,236412,285129,372266,360850,387992,
Bitcoin Bank,1,Bitcoin Bank Main Office,0,01/01/2009,07/22,1111 Polaris Parkway,Columbus,Delaware,OH, 43240,40.14453,-82.99115,273546,8707,689745,1031195,801473,27339,18449,
Bitcoin Bank,1,Bitcoin Bank Main Office,0,01/01/2009,07/23,1111 Polaris Parkway,Columbus,Delaware,OH, 43240,40.14453,-82.99115,848998,875848,921054,988600,1001439,1011190,1498325,
Bitcoin Bank,1,Bitcoin Bank Main Office,0,01/01/2009,07/24,1111 Polaris Parkway,Columbus,Delaware,OH, 43240,40.14453,-82.99115,256403,297063,359900,372306,391634,413091,396733,
Bitcoin Bank,1,Bitcoin Bank Main Office,0,01/01/2009,07/25,1111 Polaris Parkway,Columbus,Delaware,OH, 43240,40.14453,-82.99115,1049068,662093,663589,668676,604426,576754,575874,
Bitcoin Bank,1,Bitcoin Bank Main Office,0,01/01/2009,07/26,1111 Polaris Parkway,Columbus,Delaware,OH, 43240,40.14453,-82.99115,255193,262922,291581,315775,337511,380178,399598,
Bitcoin Bank,1,Bitcoin Bank Main Office,0,01/01/2009,07/27,1111 Polaris Parkway,Columbus,Delaware,OH, 43240,40.14453,-82.99115,252158,272514,300037,331262,342944,433235,453850,
Bitcoin Bank,1,Bitcoin Bank Main Office,0,01/01/2009,07/28,1111 Polaris Parkway,Columbus,Delaware,OH, 43240,40.14453,-82.99115,414374,436965,508815,572092,559936,574801,624351,
Bitcoin Bank,1,Bitcoin Bank Main Office,0,01/01/2009,07/29,1111 Polaris Parkway,Columbus,Delaware,OH, 43240,40.14453,-82.99115,336162,390954,411627,471007,473221,550514,528531,
Bitcoin Bank,1,Bitcoin Bank Main Office,0,01/01/2009,07/30,1111 Polaris Parkway,Columbus,Delaware,OH, 43240,40.14453,-82.99115,108837,106662,113988,120496,117747,122689,125791,
Bitcoin Bank,1,Bitcoin Bank Main Office,0,01/01/2009,07/31,1111 Polaris Parkway,Columbus,Delaware,OH, 43240,40.14453,-82.99115,104599,109107,120913,142525,162773,177011,196242,
Bitcoin Bank,1,Bitcoin Bank Main Office,0,01/01/2009,08/01,1111 Polaris Parkway,Columbus,Delaware,OH, 43240,40.14453,-82.99115,61787,66429,71317,81202,88128,99129,111159,
Bitcoin Bank,1,Bitcoin Bank Main Office,0,01/01/2009,08/02,1111 Polaris Parkway,Columbus,Delaware,OH, 43240,40.14453,-82.99115,160279,173182,166057,186743,201634,214746,246032,
Bitcoin Bank,1,Bitcoin Bank Main Office,0,01/01/2009,08/03,1111 Polaris Parkway,Columbus,Delaware,OH, 43240,40.14453,-82.99115,116449,118905,126131,139563,161976,201456,192306,
Bitcoin Bank,1,Bitcoin Bank Main Office,0,01/01/2009,08/04,1111 Polaris Parkway,Columbus,Delaware,OH, 43240,40.14453,-82.99115,194935,199008,220586,245714,264185,283820,316306,
Bitcoin Bank,1,Bitcoin Bank Main Office,0,01/01/2009,08/05,1111 Polaris Parkway,Columbus,Delaware,OH, 43240,40.14453,-82.99115,131165,134820,134910,154188,172241,190912,216622,
Bitcoin Bank,1,Bitcoin Bank Main Office,0,01/01/2009,08/06,1111 Polaris Parkway,Columbus,Delaware,OH, 43240,40.14453,-82.99115,100593,101440,106050,111444,122882,124029,135494,
Bitcoin Bank,1,Bitcoin Bank Main Office,0,01/01/2009,08/07,1111 Polaris Parkway,Columbus,Delaware,OH, 43240,40.14453,-82.99115,151105,157720,169500,192324,206538,220550,221926,
Bitcoin Bank,1,Bitcoin Bank Main Office,0,01/01/2009,08/08,1111 Polaris Parkway,Columbus,Delaware,OH, 43240,40.14453,-82.99115,104688,105907,114935,130072,135616,143010,172690,
Bitcoin Bank,1,Bitcoin Bank Main Office,0,01/01/2009,08/09,1111 Polaris Parkway,Columbus,Delaware,OH, 43240,40.14453,-82.99115,65955,68141,73447,89585,105348,124252,141360,
Bitcoin Bank,1,Bitcoin Bank Main Office,0,01/01/2009,08/10,1111 Polaris Parkway,Columbus,Delaware,OH, 43240,40.14453,-82.99115,89975,90936,94734,124739,130157,135214,146883,
Bitcoin Bank,1,Bitcoin Bank Main Office,0,01/01/2009,08/11,1111 Polaris Parkway,Columbus,Delaware,OH, 43240,40.14453,-82.99115,115238,122692,126056,144284,150878,152379,162842,
Bitcoin Bank,1,Bitcoin Bank Main Office,0,01/01/2009,08/12,1111 Polaris Parkway,Columbus,Delaware,OH, 43240,40.14453,-82.99115,179088,182127,189507,206540,228101,241268,263246,
Bitcoin Bank,1,Bitcoin Bank Main Office,0,01/01/2009,08/13,1111 Polaris Parkway,Columbus,Delaware,OH, 43240,40.14453,-82.99115,135547,137276,136306,158206,154171,166746,188020,
Bitcoin Bank,1,Bitcoin Bank Main Office,0,01/01/2009,08/14,1111 Polaris Parkway,Columbus,Delaware,OH, 43240,40.14453,-82.99115,249996,259551,271758,305100,335949,343298,371425,
Bitcoin Bank,1,Bitcoin Bank Main Office,0,01/01/2009,08/15,1111 Polaris Parkway,Columbus,Delaware,OH, 43240,40.14453,-82.99115,75436,79859,78226,87644,91707,96118,108335,
Bitcoin Bank,1,Bitcoin Bank Main Office,0,01/01/2009,08/16,1111 Polaris Parkway,Columbus,Delaware,OH, 43240,40.14453,-82.99115,184754,169675,184606,198685,204004,203885,218596,
Bitcoin Bank,1,Bitcoin Bank Main Office,0,01/01/2009,08/17,1111 Polaris Parkway,Columbus,Delaware,OH, 43240,40.14453,-82.99115,162536,165944,176733,182973,187087,232916,211059,
Bitcoin Bank,1,Bitcoin Bank Main Office,0,01/01/2009,08/18,1111 Polaris Parkway,Columbus,Delaware,OH, 43240,40.14453,-82.99115,222117,248647,253460,253517,244404,273632,292276,
Bitcoin Bank,1,Bitcoin Bank Main Office,0,01/01/2009,08/19,1111 Polaris Parkway,Columbus,Delaware,OH, 43240,40.14453,-82.99115,111770,112707,115405,126959,137324,142766,152928,
Bitcoin Bank,1,Bitcoin Bank Main Office,0,01/01/2009,08/20,1111 Polaris Parkway,Columbus,Delaware,OH, 43240,40.14453,-82.99115,305645,316308,356369,407742,453300,481014,515648,
Bitcoin Bank,1,Bitcoin Bank Main Office,0,01/01/2009,08/21,1111 Polaris Parkway,Columbus,Delaware,OH, 43240,40.14453,-82.99115,104107,104985,106264,118691,121118,135792,147637,
Bitcoin Bank,1,Bitcoin Bank Main Office,0,01/01/2009,08/22,1111 Polaris Parkway,Columbus,Delaware,OH, 43240,40.14453,-82.99115,102165,104157,115666,126992,135502,144205,154608,
Bitcoin Bank,1,Bitcoin Bank Main Office,0,01/01/2009,08/23,1111 Polaris Parkway,Columbus,Delaware,OH, 43240,40.14453,-82.99115,279348,297397,287003,319340,316661,311404,320744,
Bitcoin Bank,1,Bitcoin Bank Main Office,0,01/01/2009,08/24,1111 Polaris Parkway,Columbus,Delaware,OH, 43240,40.14453,-82.99115,182563,183109,198810,227607,261328,275327,299425,
Bitcoin Bank,1,Bitcoin Bank Main Office,0,01/01/2009,08/25,1111 Polaris Parkway,Columbus,Delaware,OH, 43240,40.14453,-82.99115,140585,130201,129417,134399,130061,134879,142503,
Bitcoin Bank,1,Bitcoin Bank Main Office,0,01/01/2009,08/26,1111 Polaris Parkway,Columbus,Delaware,OH, 43240,40.14453,-82.99115,162061,145166,149805,159280,160835,182550,188355,
Bitcoin Bank,1,Bitcoin Bank Main Office,0,01/01/2009,08/27,1111 Polaris Parkway,Columbus,Delaware,OH, 43240,40.14453,-82.99115,122835,131722,147945,154644,168702,176644,209671,
Bitcoin Bank,1,Bitcoin Bank Main Office,0,01/01/2009,08/28,1111 Polaris Parkway,Columbus,Delaware,OH, 43240,40.14453,-82.99115,196488,206148,218109,239303,280880,302522,308081,
Bitcoin Bank,1,Bitcoin Bank Main Office,0,01/01/2009,08/29,1111 Polaris Parkway,Columbus,Delaware,OH, 43240,40.14453,-82.99115,125592,137879,143975,143023,144838,150876,165210,
Bitcoin Bank,1,Bitcoin Bank Main Office,0,01/01/2009,08/30,1111 Polaris Parkway,Columbus,Delaware,OH, 43240,40.14453,-82.99115,142655,141607,138134,150328,162652,154546,178545,
Bitcoin Bank,1,Bitcoin Bank Main Office,0,01/01/2009,08/31,1111 Polaris Parkway,Columbus,Delaware,OH, 43240,40.14453,-82.99115,218021,214519,251864,255083,259401,245912,285879,
Bitcoin Bank,1,Bitcoin Bank Main Office,0,01/01/2009,09/01,1111 Polaris Parkway,Columbus,Delaware,OH, 43240,40.14453,-82.99115,72912,75324,78907,85211,98481,108210,116472,
Bitcoin Bank,1,Bitcoin Bank Main Office,0,01/01/2009,09/02,1111 Polaris Parkway,Columbus,Delaware,OH, 43240,40.14453,-82.99115,219554,217106,219577,230278,225396,232103,260070,
Bitcoin Bank,1,Bitcoin Bank Main Office,0,01/01/2009,09/03,1111 Polaris Parkway,Columbus,Delaware,OH, 43240,40.14453,-82.99115,233563,257828,267549,314217,322582,332715,343206,
Bitcoin Bank,1,Bitcoin Bank Main Office,0,01/01/2009,09/04,1111 Polaris Parkway,Columbus,Delaware,OH, 43240,40.14453,-82.99115,88999,89305,100875,115317,119510,130750,132319,
Bitcoin Bank,1,Bitcoin Bank Main Office,0,01/01/2009,09/05,1111 Polaris Parkway,Columbus,Delaware,OH, 43240,40.14453,-82.99115,91732,105161,119979,139674,135359,158833,177419,
Bitcoin Bank,1,Bitcoin Bank Main Office,0,01/01/2009,09/06,1111 Polaris Parkway,Columbus,Delaware,OH, 43240,40.14453,-82.99115,68427,70943,74226,74038,79445,85676,92206,
Bitcoin Bank,1,Bitcoin Bank Main Office,0,01/01/2009,09/07,1111 Polaris Parkway,Columbus,Delaware,OH, 43240,40.14453,-82.99115,141070,145380,153429,167881,183916,197583,210600,
Bitcoin Bank,1,Bitcoin Bank Main Office,0,01/01/2009,09/08,1111 Polaris Parkway,Columbus,Delaware,OH, 43240,40.14453,-82.99115,225475,246438,301204,296032,260284,242329,258189,
Bitcoin Bank,1,Bitcoin Bank Main Office,0,01/01/2009,09/09,1111 Polaris Parkway,Columbus,Delaware,OH, 43240,40.14453,-82.99115,91875,160140,187779,214168,225678,231940,263727,
Bitcoin Bank,1,Bitcoin Bank Main Office,0,01/01/2009,09/10,1111 Polaris Parkway,Columbus,Delaware,OH, 43240,40.14453,-82.99115,139743,141039,161442,193284,207640,225145,216383,
Bitcoin Bank,1,Bitcoin Bank Main Office,0,01/01/2009,09/11,1111 Polaris Parkway,Columbus,Delaware,OH, 43240,40.14453,-82.99115,123508,132621,136375,174310,162972,157895,168282,
Bitcoin Bank,1,Bitcoin Bank Main Office,0,01/01/2009,09/12,1111 Polaris Parkway,Columbus,Delaware,OH, 43240,40.14453,-82.99115,131849,137158,148911,160837,163868,175897,183091,
Bitcoin Bank,1,Bitcoin Bank Main Office,0,01/01/2009,09/13,1111 Polaris Parkway,Columbus,Delaware,OH, 43240,40.14453,-82.99115,140366,135717,141729,144352,153348,156725,175042,
Bitcoin Bank,1,Bitcoin Bank Main Office,0,01/01/2009,09/14,1111 Polaris Parkway,Columbus,Delaware,OH, 43240,40.14453,-82.99115,404657,487229,564822,559820,537901,504208,565624,
Bitcoin Bank,1,Bitcoin Bank Main Office,0,01/01/2009,09/15,1111 Polaris Parkway,Columbus,Delaware,OH, 43240,40.14453,-82.99115,106385,113843,115709,126009,131869,147332,162695,
Bitcoin Bank,1,Bitcoin Bank Main Office,0,01/01/2009,09/16,1111 Polaris Parkway,Columbus,Delaware,OH, 43240,40.14453,-82.99115,95960,109729,104405,115799,115657,122953,127201,
Bitcoin Bank,1,Bitcoin Bank Main Office,0,01/01/2009,09/17,1111 Polaris Parkway,Columbus,Delaware,OH, 43240,40.14453,-82.99115,163891,163906,168961,182904,181766,193928,232484,
Bitcoin Bank,1,Bitcoin Bank Main Office,0,01/01/2009,09/18,1111 Polaris Parkway,Columbus,Delaware,OH, 43240,40.14453,-82.99115,135042,138773,148868,158419,155928,177778,197210,
Bitcoin Bank,1,Bitcoin Bank Main Office,0,01/01/2009,09/19,1111 Polaris Parkway,Columbus,Delaware,OH, 43240,40.14453,-82.99115,74104,80677,83250,92946,100280,99053,106625,
Bitcoin Bank,1,Bitcoin Bank Main Office,0,01/01/2009,09/20,1111 Polaris Parkway,Columbus,Delaware,OH, 43240,40.14453,-82.99115,199800,207065,228828,236469,227279,250342,262543,
Bitcoin Bank,1,Bitcoin Bank Main Office,0,01/01/2009,09/21,1111 Polaris Parkway,Columbus,Delaware,OH, 43240,40.14453,-82.99115,94106,96519,105098,125654,141300,137327,148323,
Bitcoin Bank,1,Bitcoin Bank Main Office,0,01/01/2009,09/22,1111 Polaris Parkway,Columbus,Delaware,OH, 43240,40.14453,-82.99115,165,158,162,139,133,118,157,
Bitcoin Bank,1,Bitcoin Bank Main Office,0,01/01/2009,09/23,1111 Polaris Parkway,Columbus,Delaware,OH, 43240,40.14453,-82.99115,302678,302834,318596,328939,336297,344577,357813,
Bitcoin Bank,1,Bitcoin Bank Main Office,0,01/01/2009,09/24,1111 Polaris Parkway,Columbus,Delaware,OH, 43240,40.14453,-82.99115,130767,134528,139534,161594,163729,173715,190127,
Bitcoin Bank,1,Bitcoin Bank Main Office,0,01/01/2009,09/25,1111 Polaris Parkway,Columbus,Delaware,OH, 43240,40.14453,-82.99115,322256,357886,379920,401904,420642,411797,423422,
Bitcoin Bank,1,Bitcoin Bank Main Office,0,01/01/2009,09/26,1111 Polaris Parkway,Columbus,Delaware,OH, 43240,40.14453,-82.99115,128436,144528,169953,209021,222059,246484,309391,
Bitcoin Bank,1,Bitcoin Bank Main Office,0,01/01/2009,09/27,1111 Polaris Parkway,Columbus,Delaware,OH, 43240,40.14453,-82.99115,205788,215595,223654,244356,243527,266129,309181,
Bitcoin Bank,1,Bitcoin Bank Main Office,0,01/01/2009,09/28,1111 Polaris Parkway,Columbus,Delaware,OH, 43240,40.14453,-82.99115,0,0,0,0,0,0,0,
Bitcoin Bank,1,Bitcoin Bank Main Office,0,01/01/2009,09/29,1111 Polaris Parkway,Columbus,Delaware,OH, 43240,40.14453,-82.99115,92602,107165,113830,126947,147791,163327,196116,
Bitcoin Bank,1,Bitcoin Bank Main Office,0,01/01/2009,09/30,1111 Polaris Parkway,Columbus,Delaware,OH, 43240,40.14453,-82.99115,112317,521531,347314,549217,537603,465753,593098,
Bitcoin Bank,1,Bitcoin Bank Main Office,0,01/01/2009,10/01,1111 Polaris Parkway,Columbus,Delaware,OH, 43240,40.14453,-82.99115,43192,45424,50703,55732,59616,62205,63614,
Bitcoin Bank,1,Bitcoin Bank Main Office,0,01/01/2009,10/02,1111 Polaris Parkway,Columbus,Delaware,OH, 43240,40.14453,-82.99115,93230,98570,108898,114590,129701,133209,138841,
Bitcoin Bank,1,Bitcoin Bank Main Office,0,01/01/2009,10/03,1111 Polaris Parkway,Columbus,Delaware,OH, 43240,40.14453,-82.99115,30995,31399,32475,36245,39819,38365,41665,
Bitcoin Bank,1,Bitcoin Bank Main Office,0,01/01/2009,10/04,1111 Polaris Parkway,Columbus,Delaware,OH, 43240,40.14453,-82.99115,23397,22131,22785,23856,25406,27517,26540,
Bitcoin Bank,1,Bitcoin Bank Main Office,0,01/01/2009,10/05,1111 Polaris Parkway,Columbus,Delaware,OH, 43240,40.14453,-82.99115,22337,22603,22498,23594,25453,31362,32174,
Bitcoin Bank,1,Bitcoin Bank Main Office,0,01/01/2009,10/06,1111 Polaris Parkway,Columbus,Delaware,OH, 43240,40.14453,-82.99115,38414,39124,38510,44859,47254,51007,51837,
Bitcoin Bank,1,Bitcoin Bank Main Office,0,01/01/2009,10/07,1111 Polaris Parkway,Columbus,Delaware,OH, 43240,40.14453,-82.99115,57153,55180,58549,62972,69984,70919,79894,
Bitcoin Bank,1,Bitcoin Bank Main Office,0,01/01/2009,10/08,1111 Polaris Parkway,Columbus,Delaware,OH, 43240,40.14453,-82.99115,30751,33117,36051,39298,40990,40258,44578,
Bitcoin Bank,1,Bitcoin Bank Main Office,0,01/01/2009,10/09,1111 Polaris Parkway,Columbus,Delaware,OH, 43240,40.14453,-82.99115,45556,58676,60118,73689,89551,102543,128649,
Bitcoin Bank,1,Bitcoin Bank Main Office,0,01/01/2009,10/10,1111 Polaris Parkway,Columbus,Delaware,OH, 43240,40.14453,-82.99115,64437,69391,74979,78329,77044,83309,94929,
Bitcoin Bank,1,Bitcoin Bank Main Office,0,01/01/2009,10/11,1111 Polaris Parkway,Columbus,Delaware,OH, 43240,40.14453,-82.99115,42967,45543,50815,56525,66883,67468,73697,
Bitcoin Bank,1,Bitcoin Bank Main Office,0,01/01/2009,10/12,1111 Polaris Parkway,Columbus,Delaware,OH, 43240,40.14453,-82.99115,94562,91215,95426,106696,105242,111478,112695,
Bitcoin Bank,1,Bitcoin Bank Main Office,0,01/01/2009,10/13,1111 Polaris Parkway,Columbus,Delaware,OH, 43240,40.14453,-82.99115,113164,117477,125416,138694,164521,159959,169879,
Bitcoin Bank,1,Bitcoin Bank Main Office,0,01/01/2009,10/14,1111 Polaris Parkway,Columbus,Delaware,OH, 43240,40.14453,-82.99115,38760,44085,51988,55870,57962,61165,60570,
Bitcoin Bank,1,Bitcoin Bank Main Office,0,01/01/2009,10/15,1111 Polaris Parkway,Columbus,Delaware,OH, 43240,40.14453,-82.99115,58078,59664,62347,65696,67632,68472,72775,
Bitcoin Bank,1,Bitcoin Bank Main Office,0,01/01/2009,10/16,1111 Polaris Parkway,Columbus,Delaware,OH, 43240,40.14453,-82.99115,33227,32632,37997,40643,42029,73156,72705,
Bitcoin Bank,1,Bitcoin Bank Main Office,0,01/01/2009,10/17,1111 Polaris Parkway,Columbus,Delaware,OH, 43240,40.14453,-82.99115,68780,71797,90708,101282,108732,117415,138128,
Bitcoin Bank,1,Bitcoin Bank Main Office,0,01/01/2009,10/18,1111 Polaris Parkway,Columbus,Delaware,OH, 43240,40.14453,-82.99115,47804,49104,54379,57240,58904,59521,59518,
Bitcoin Bank,1,Bitcoin Bank Main Office,0,01/01/2009,10/19,1111 Polaris Parkway,Columbus,Delaware,OH, 43240,40.14453,-82.99115,29651,23904,22651,23527,24918,23520,30460,
Bitcoin Bank,1,Bitcoin Bank Main Office,0,01/01/2009,10/20,1111 Polaris Parkway,Columbus,Delaware,OH, 43240,40.14453,-82.99115,47365,52355,58092,61729,63801,70915,80885,
Bitcoin Bank,1,Bitcoin Bank Main Office,0,01/01/2009,10/21,1111 Polaris Parkway,Columbus,Delaware,OH, 43240,40.14453,-82.99115,31202,34194,41305,46152,49675,52344,55885,
Bitcoin Bank,1,Bitcoin Bank Main Office,0,01/01/2009,10/22,1111 Polaris Parkway,Columbus,Delaware,OH, 43240,40.14453,-82.99115,31378,34252,39705,41787,40043,42509,46126,
Bitcoin Bank,1,Bitcoin Bank Main Office,0,01/01/2009,10/23,1111 Polaris Parkway,Columbus,Delaware,OH, 43240,40.14453,-82.99115,4532,5223,6911,6370,6549,6695,6895,
Bitcoin Bank,1,Bitcoin Bank Main Office,0,01/01/2009,10/24,1111 Polaris Parkway,Columbus,Delaware,OH, 43240,40.14453,-82.99115,23973,24064,27297,27367,29485,30504,32662,
Bitcoin Bank,1,Bitcoin Bank Main Office,0,01/01/2009,10/25,1111 Polaris Parkway,Columbus,Delaware,OH, 43240,40.14453,-82.99115,44886,53873,59609,71144,72759,76979,89059,
Bitcoin Bank,1,Bitcoin Bank Main Office,0,01/01/2009,10/26,1111 Polaris Parkway,Columbus,Delaware,OH, 43240,40.14453,-82.99115,37920,38159,40612,43375,41960,41691,41893,
Bitcoin Bank,1,Bitcoin Bank Main Office,0,01/01/2009,10/27,1111 Polaris Parkway,Columbus,Delaware,OH, 43240,40.14453,-82.99115,66783,75123,84243,95425,113512,110619,113051,
Bitcoin Bank,1,Bitcoin Bank Main Office,0,01/01/2009,10/28,1111 Polaris Parkway,Columbus,Delaware,OH, 43240,40.14453,-82.99115,26861,27757,30059,37064,37088,36411,38882,
Bitcoin Bank,1,Bitcoin Bank Main Office,0,01/01/2009,10/29,1111 Polaris Parkway,Columbus,Delaware,OH, 43240,40.14453,-82.99115,88164,97450,114239,130397,135479,147846,151267,
Bitcoin Bank,1,Bitcoin Bank Main Office,0,01/01/2009,10/30,1111 Polaris Parkway,Columbus,Delaware,OH, 43240,40.14453,-82.99115,35506,35676,37166,39064,49633,59240,63635,
Bitcoin Bank,1,Bitcoin Bank Main Office,0,01/01/2009,10/31,1111 Polaris Parkway,Columbus,Delaware,OH, 43240,40.14453,-82.99115,22202,26230,28390,31900,31686,34086,35040,
Bitcoin Bank,1,Bitcoin Bank Main Office,0,01/01/2009,11/01,1111 Polaris Parkway,Columbus,Delaware,OH, 43240,40.14453,-82.99115,27141,33531,39022,51482,60637,72604,92659,
Bitcoin Bank,1,Bitcoin Bank Main Office,0,01/01/2009,11/02,1111 Polaris Parkway,Columbus,Delaware,OH, 43240,40.14453,-82.99115,93398,99784,108273,117540,125406,135468,142851,
Bitcoin Bank,1,Bitcoin Bank Main Office,0,01/01/2009,11/03,1111 Polaris Parkway,Columbus,Delaware,OH, 43240,40.14453,-82.99115,23868,26498,29740,32459,37747,38691,36928,
Bitcoin Bank,1,Bitcoin Bank Main Office,0,01/01/2009,11/04,1111 Polaris Parkway,Columbus,Delaware,OH, 43240,40.14453,-82.99115,61030,61076,67297,80748,85771,86981,94760,
Bitcoin Bank,1,Bitcoin Bank Main Office,0,01/01/2009,11/05,1111 Polaris Parkway,Columbus,Delaware,OH, 43240,40.14453,-82.99115,0,0,0,0,0,0,0,
Bitcoin Bank,1,Bitcoin Bank Main Office,0,01/01/2009,11/06,1111 Polaris Parkway,Columbus,Delaware,OH, 43240,40.14453,-82.99115,52228,53689,57789,61165,65793,69230,76001,
Bitcoin Bank,1,Bitcoin Bank Main Office,0,01/01/2009,11/07,1111 Polaris Parkway,Columbus,Delaware,OH, 43240,40.14453,-82.99115,51865,56591,67747,76241,88757,94371,98187,
Bitcoin Bank,1,Bitcoin Bank Main Office,0,01/01/2009,11/08,1111 Polaris Parkway,Columbus,Delaware,OH, 43240,40.14453,-82.99115,165571,168259,167081,195490,202702,214585,240629,
Bitcoin Bank,1,Bitcoin Bank Main Office,0,01/01/2009,11/09,1111 Polaris Parkway,Columbus,Delaware,OH, 43240,40.14453,-82.99115,180500,171105,187839,202911,212026,220284,241520,
Bitcoin Bank,1,Bitcoin Bank Main Office,0,01/01/2009,11/10,1111 Polaris Parkway,Columbus,Delaware,OH, 43240,40.14453,-82.99115,91824,84917,84803,89759,87182,90983,93821,
Bitcoin Bank,1,Bitcoin Bank Main Office,0,01/01/2009,11/11,1111 Polaris Parkway,Columbus,Delaware,OH, 43240,40.14453,-82.99115,16450,15577,15988,16648,17842,19279,20215,
Bitcoin Bank,1,Bitcoin Bank Main Office,0,01/01/2009,11/12,1111 Polaris Parkway,Columbus,Delaware,OH, 43240,40.14453,-82.99115,210069,260132,286163,275514,262630,249255,271962,
Bitcoin Bank,1,Bitcoin Bank Main Office,0,01/01/2009,11/13,1111 Polaris Parkway,Columbus,Delaware,OH, 43240,40.14453,-82.99115,32356,33316,36294,40144,38526,40447,44791,
Bitcoin Bank,1,Bitcoin Bank Main Office,0,01/01/2009,11/14,1111 Polaris Parkway,Columbus,Delaware,OH, 43240,40.14453,-82.99115,55558,58377,60524,59755,63373,66116,69359,
Bitcoin Bank,1,Bitcoin Bank Main Office,0,01/01/2009,11/15,1111 Polaris Parkway,Columbus,Delaware,OH, 43240,40.14453,-82.99115,110704,118522,126303,134272,129342,133807,144766,
Bitcoin Bank,1,Bitcoin Bank Main Office,0,01/01/2009,11/16,1111 Polaris Parkway,Columbus,Delaware,OH, 43240,40.14453,-82.99115,82623,83772,86838,86705,87268,89086,99210,
Bitcoin Bank,1,Bitcoin Bank Main Office,0,01/01/2009,11/17,1111 Polaris Parkway,Columbus,Delaware,OH, 43240,40.14453,-82.99115,109559,113381,118833,122273,123641,130116,142158,
Bitcoin Bank,1,Bitcoin Bank Main Office,0,01/01/2009,11/18,1111 Polaris Parkway,Columbus,Delaware,OH, 43240,40.14453,-82.99115,79170,83522,84900,110853,110466,106259,108628,
Bitcoin Bank,1,Bitcoin Bank Main Office,0,01/01/2009,11/19,1111 Polaris Parkway,Columbus,Delaware,OH, 43240,40.14453,-82.99115,66475,66670,67826,69132,79192,73426,89757,
Bitcoin Bank,1,Bitcoin Bank Main Office,0,01/01/2009,11/20,1111 Polaris Parkway,Columbus,Delaware,OH, 43240,40.14453,-82.99115,51729,58509,65722,76224,84761,87607,100543,
Bitcoin Bank,1,Bitcoin Bank Main Office,0,01/01/2009,11/21,1111 Polaris Parkway,Columbus,Delaware,OH, 43240,40.14453,-82.99115,142841,145601,145549,166939,179178,176695,179940,
Bitcoin Bank,1,Bitcoin Bank Main Office,0,01/01/2009,11/22,1111 Polaris Parkway,Columbus,Delaware,OH, 43240,40.14453,-82.99115,67941,62727,69288,70702,85380,82786,93207,
Bitcoin Bank,1,Bitcoin Bank Main Office,0,01/01/2009,11/23,1111 Polaris Parkway,Columbus,Delaware,OH, 43240,40.14453,-82.99115,180522,170549,201507,224984,209499,196850,256422,
Bitcoin Bank,1,Bitcoin Bank Main Office,0,01/01/2009,11/24,1111 Polaris Parkway,Columbus,Delaware,OH, 43240,40.14453,-82.99115,98624,91812,109615,118269,125632,138889,189656,
Bitcoin Bank,1,Bitcoin Bank Main Office,0,01/01/2009,11/25,1111 Polaris Parkway,Columbus,Delaware,OH, 43240,40.14453,-82.99115,93672,97949,97217,107338,138597,129123,125597,
Bitcoin Bank,1,Bitcoin Bank Main Office,0,01/01/2009,11/26,1111 Polaris Parkway,Columbus,Delaware,OH, 43240,40.14453,-82.99115,32025,33208,30830,34204,33075,36483,37338,
Bitcoin Bank,1,Bitcoin Bank Main Office,0,01/01/2009,11/27,1111 Polaris Parkway,Columbus,Delaware,OH, 43240,40.14453,-82.99115,107234,108717,107494,103394,104079,105200,166129,
Bitcoin Bank,1,Bitcoin Bank Main Office,0,01/01/2009,11/28,1111 Polaris Parkway,Columbus,Delaware,OH, 43240,40.14453,-82.99115,63203,66795,68238,76666,79725,82839,84911,
Bitcoin Bank,1,Bitcoin Bank Main Office,0,01/01/2009,11/29,1111 Polaris Parkway,Columbus,Delaware,OH, 43240,40.14453,-82.99115,296742,338142,354297,340874,347820,381782,382113,
Bitcoin Bank,1,Bitcoin Bank Main Office,0,01/01/2009,11/30,1111 Polaris Parkway,Columbus,Delaware,OH, 43240,40.14453,-82.99115,0,0,0,0,0,0,0,
Bitcoin Bank,1,Bitcoin Bank Main Office,0,01/01/2009,12/01,1111 Polaris Parkway,Columbus,Delaware,OH, 43240,40.14453,-82.99115,240293,203817,205715,198059,219863,209799,244160,
Bitcoin Bank,1,Bitcoin Bank Main Office,0,01/01/2009,12/02,1111 Polaris Parkway,Columbus,Delaware,OH, 43240,40.14453,-82.99115,111460,136416,138322,148903,143429,146849,161742,
Bitcoin Bank,1,Bitcoin Bank Main Office,0,01/01/2009,12/03,1111 Polaris Parkway,Columbus,Delaware,OH, 43240,40.14453,-82.99115,245289,230703,303529,322360,372310,323202,337303,
Bitcoin Bank,1,Bitcoin Bank Main Office,0,01/01/2009,12/04,1111 Polaris Parkway,Columbus,Delaware,OH, 43240,40.14453,-82.99115,204954,214910,238414,262654,260571,267904,320712,
Bitcoin Bank,1,Bitcoin Bank Main Office,0,01/01/2009,12/05,1111 Polaris Parkway,Columbus,Delaware,OH, 43240,40.14453,-82.99115,146496,143628,154301,156983,151251,156965,176232,
Bitcoin Bank,1,Bitcoin Bank Main Office,0,01/01/2009,12/06,1111 Polaris Parkway,Columbus,Delaware,OH, 43240,40.14453,-82.99115,139938,145111,160261,237528,248854,286115,320458,
Bitcoin Bank,1,Bitcoin Bank Main Office,0,01/01/2009,12/07,1111 Polaris Parkway,Columbus,Delaware,OH, 43240,40.14453,-82.99115,53328,60372,59421,67595,116456,71961,73840,
Bitcoin Bank,1,Bitcoin Bank Main Office,0,01/01/2009,12/08,1111 Polaris Parkway,Columbus,Delaware,OH, 43240,40.14453,-82.99115,167402,124592,131894,146354,166895,172558,189701,
Bitcoin Bank,1,Bitcoin Bank Main Office,0,01/01/2009,12/09,1111 Polaris Parkway,Columbus,Delaware,OH, 43240,40.14453,-82.99115,104852,106963,120220,128947,131995,139706,147914,
Bitcoin Bank,1,Bitcoin Bank Main Office,0,01/01/2009,12/10,1111 Polaris Parkway,Columbus,Delaware,OH, 43240,40.14453,-82.99115,100140,104419,110747,127155,128940,130612,139909,
Bitcoin Bank,1,Bitcoin Bank Main Office,0,01/01/2009,12/11,1111 Polaris Parkway,Columbus,Delaware,OH, 43240,40.14453,-82.99115,462000,1099344,456855,451583,427166,436239,411658,
Bitcoin Bank,1,Bitcoin Bank Main Office,0,01/01/2009,12/12,1111 Polaris Parkway,Columbus,Delaware,OH, 43240,40.14453,-82.99115,59957,63835,58979,64674,73492,77266,84045,
Bitcoin Bank,1,Bitcoin Bank Main Office,0,01/01/2009,12/13,1111 Polaris Parkway,Columbus,Delaware,OH, 43240,40.14453,-82.99115,142325,149683,157221,167660,190290,183304,213111,
Bitcoin Bank,1,Bitcoin Bank Main Office,0,01/01/2009,12/14,1111 Polaris Parkway,Columbus,Delaware,OH, 43240,40.14453,-82.99115,172421,177839,183163,204310,207750,231329,254090,
Bitcoin Bank,1,Bitcoin Bank Main Office,0,01/01/2009,12/15,1111 Polaris Parkway,Columbus,Delaware,OH, 43240,40.14453,-82.99115,140208,151930,155258,164398,167857,183944,197159,
Bitcoin Bank,1,Bitcoin Bank Main Office,0,01/01/2009,12/16,1111 Polaris Parkway,Columbus,Delaware,OH, 43240,40.14453,-82.99115,100446,100831,110452,114692,123842,135456,136531,
Bitcoin Bank,1,Bitcoin Bank Main Office,0,01/01/2009,12/17,1111 Polaris Parkway,Columbus,Delaware,OH, 43240,40.14453,-82.99115,65056,68704,71853,81304,89422,99164,100049,
Bitcoin Bank,1,Bitcoin Bank Main Office,0,01/01/2009,12/18,1111 Polaris Parkway,Columbus,Delaware,OH, 43240,40.14453,-82.99115,123835,127054,143366,155333,169912,185715,189413,
Bitcoin Bank,1,Bitcoin Bank Main Office,0,01/01/2009,12/19,1111 Polaris Parkway,Columbus,Delaware,OH, 43240,40.14453,-82.99115,202419,211621,209057,231591,249486,267784,281142,
Bitcoin Bank,1,Bitcoin Bank Main Office,0,01/01/2009,12/20,1111 Polaris Parkway,Columbus,Delaware,OH, 43240,40.14453,-82.99115,33138,31368,39743,41614,44458,49409,55582,
Bitcoin Bank,1,Bitcoin Bank Main Office,0,01/01/2009,12/21,1111 Polaris Parkway,Columbus,Delaware,OH, 43240,40.14453,-82.99115,134684,136333,163697,191646,191206,209943,228117,
Bitcoin Bank,1,Bitcoin Bank Main Office,0,01/01/2009,12/22,1111 Polaris Parkway,Columbus,Delaware,OH, 43240,40.14453,-82.99115,41989,45516,50481,45931,49670,52560,60759,
Bitcoin Bank,1,Bitcoin Bank Main Office,0,01/01/2009,12/23,1111 Polaris Parkway,Columbus,Delaware,OH, 43240,40.14453,-82.99115,63783,61397,95897,105362,113821,127798,143351,
Bitcoin Bank,1,Bitcoin Bank Main Office,0,01/01/2009,12/24,1111 Polaris Parkway,Columbus,Delaware,OH, 43240,40.14453,-82.99115,84077,82404,89664,88623,107142,108780,111452,
Bitcoin Bank,1,Bitcoin Bank Main Office,0,01/01/2009,12/25,1111 Polaris Parkway,Columbus,Delaware,OH, 43240,40.14453,-82.99115,141709,167634,167578,184062,177399,176236,182201,
Bitcoin Bank,1,Bitcoin Bank Main Office,0,01/01/2009,12/26,1111 Polaris Parkway,Columbus,Delaware,OH, 43240,40.14453,-82.99115,70977,68777,60403,91107,101195,102293,109103,
Bitcoin Bank,1,Bitcoin Bank Main Office,0,01/01/2009,12/27,1111 Polaris Parkway,Columbus,Delaware,OH, 43240,40.14453,-82.99115,176007,179277,216742,341143,315539,321627,296201,
Bitcoin Bank,1,Bitcoin Bank Main Office,0,01/01/2009,12/28,1111 Polaris Parkway,Columbus,Delaware,OH, 43240,40.14453,-82.99115,66249,70625,72212,68286,66298,73105,73988,
Bitcoin Bank,1,Bitcoin Bank Main Office,0,01/01/2009,12/29,1111 Polaris Parkway,Columbus,Delaware,OH, 43240,40.14453,-82.99115,138603,136139,150815,164863,176316,187110,207432,
Bitcoin Bank,1,Bitcoin Bank Main Office,0,01/01/2009,12/30,1111 Polaris Parkway,Columbus,Delaware,OH, 43240,40.14453,-82.99115,167920,169223,212022,248037,242824,233585,264875,
Bitcoin Bank,1,Bitcoin Bank Main Office,0,01/01/2009,12/31,1111 Polaris Parkway,Columbus,Delaware,OH, 43240,40.14453,-82.99115,121425,129690,142918,170686,184860,194725,218609,
